work_id,title,year,year_uncertain,author_last_name,author_id,mlaib_record_count
1,Hamlet,1600,False,Shakespeare,1,5527
2,Ulysses,1922,False,Joyce,3,3941
3,Paradise Lost,1667,False,Milton,5,2894
4,King Lear,1605,False,Shakespeare,1,2575
5,The Canterbury Tales,,True,Chaucer,4,2390
6,Othello,1604,False,Shakespeare,1,2380
7,Macbeth,1606,False,Shakespeare,1,2168
8,The Tempest,1611,False,Shakespeare,1,2027
9,The Faerie Queene,1590,False,Spenser,22,1985
10,Finnegans Wake,1939,False,Joyce,3,1655
11,The Merchant of Venice,1596,False,Shakespeare,1,1581
12,The Lord of the Rings,1954,False,Tolkien,33,1490
13,Romeo and Juliet,1594,False,Shakespeare,1,1447
14,Piers Plowman,,True,Langland,84,1395
15,Lolita,1955,False,Nabokov,10,1379
16,Frankenstein,1818,False,Shelley,52,1341
17,Moby-Dick,1851,False,Melville,12,1265
18,A Midsummer Night's Dream,1594,False,Shakespeare,1,1197
19,Heart of Darkness,1899,False,Conrad,13,1186
20,Troilus and Criseyde,,True,Chaucer,4,1148
21,Sonnets,,True,Shakespeare,1,1000
22,Jane Eyre,1847,False,Brontë,46,998
23,The Winter's Tale,1610,False,Shakespeare,1,941
24,Henry V,1599,False,Shakespeare,1,933
25,The Waste Land,1922,False,Eliot,11,922
26,Measure for Measure,1604,False,Shakespeare,1,920
27,Twelfth Night,1601,False,Shakespeare,1,918
28,Tristram Shandy,1760,False,Sterne,61,905
29,A Portrait of the Artist as a Young Man,1916,False,Joyce,3,893
30,Antony and Cleopatra,1607,False,Shakespeare,1,886
31,The Adventures of Huckleberry Finn,1884,False,Twain,15,880
32,Julius Caesar,1599,False,Shakespeare,1,872
33,Harry Potter series,,True,Rowling,116,853
34,Beloved,1987,False,Morrison,40,847
35,Dracula,1897,False,Stoker,106,845
36,Richard III,1592,False,Shakespeare,1,841
37,Robinson Crusoe,1719,False,Defoe,42,818
38,Wuthering Heights,1847,False,Brontë,82,817
39,Le Morte Darthur,,True,Malory,95,815
40,Mrs. Dalloway,1925,False,Woolf,8,775
41,Richard II,1595,False,Shakespeare,1,770
42,The Prelude,1799,False,Wordsworth,14,768
43,Gulliver's Travels,1726,False,Swift,31,764
44,Pride and Prejudice,1813,False,Austen,16,759
45,Alice's Adventures in Wonderland,1865,False,Carroll,62,754
46,Titus Andronicus,1590,False,Shakespeare,1,720
47,Sherlock Holmes stories,,True,Conan Doyle,51,704
48,Utopia,1516,False,More,56,703
49,Coriolanus,1608,False,Shakespeare,1,702
50,Middlemarch,1871,False,Eliot,28,700
51,To the Lighthouse,1927,False,Woolf,8,695
52,Molloy,1951,False,Beckett,2,684
53,The Great Gatsby,1925,False,Fitzgerald,50,683
54,Bleak House,1852,False,Dickens,6,668
55,The Scarlet Letter,1850,False,Hawthorne,21,667
56,As You Like It,1598,False,Shakespeare,1,664
57,Troilus and Cressida,1602,False,Shakespeare,1,652
58,The Taming of the Shrew,1592,False,Shakespeare,1,639
59,Mansfield Park,1814,False,Austen,16,639
60,Emma,1815,False,Austen,16,632
61,Walden,1854,False,Thoreau,38,624
62,The Cantos,,True,Pound,26,609
63,Waiting for Godot,1954,False,Beckett,2,607
64,1984,1949,False,Orwell,71,607
65,"Absalom, Absalom!",1936,False,Faulkner,9,591
66,Great Expectations,1860,False,Dickens,6,590
67,En attendant Godot,1952,False,Beckett,2,589
68,Clarissa,1747,False,Richardson,74,582
69,La Divina Commedia,1320,True,Dante,53,577
70,The Sound and the Fury,1929,False,Faulkner,9,570
71,Henry IV plays,,True,Shakespeare,1,558
72,Gravity's Rainbow,1973,False,Pynchon,60,556
73,Quijote,1605,False,Cervantes Saavedra,105,539
74,Uncle Tom's Cabin,1852,False,Stowe,125,527
75,Leaves of Grass,1855,False,Whitman,25,522
76,Things Fall Apart,1958,False,Achebe,85,509
77,The Picture of Dorian Gray,1891,False,Wilde,36,497
78,Invisible Man,1952,False,Ellison,123,487
79,Cymbeline,1609,False,Shakespeare,1,479
80,Pale Fire,1962,False,Nabokov,10,478
81,Love's Labour's Lost,1593,False,Shakespeare,1,468
82,Daniel Deronda,1876,False,Eliot,28,466
83,Dubliners,1914,False,Joyce,3,465
84,Don Juan,1819,False,Byron,29,464
85,Much Ado about Nothing,1599,False,Shakespeare,1,458
86,Doctor Faustus,,True,Marlowe,49,457
87,Tess of the D'Urbervilles,1891,False,Hardy,23,453
88,Orlando,1928,False,Woolf,8,451
89,Henry IV Part 1,1597,False,Shakespeare,1,445
90,Confessio Amantis,,True,Gower,143,436
91,Persuasion,1818,False,Austen,16,435
92,The Awakening,1899,False,Chopin,153,416
93,Samson Agonistes,1671,False,Milton,5,415
94,Lord Jim,1900,False,Conrad,13,407
95,Midnight's Children,1980,False,Rushdie,75,407
96,Villette,1853,False,Brontë,46,406
97,All's Well That Ends Well,1603,False,Shakespeare,1,405
98,Pericles,1608,False,Shakespeare,1,401
99,Pamela,1740,False,Richardson,74,398
100,The Portrait of a Lady,1881,False,James,7,397
101,The Hobbit,1937,False,Tolkien,33,388
102,David Copperfield,1849,False,Dickens,6,387
103,The Waves,1931,False,Woolf,8,385
104,The Satanic Verses,1988,False,Rushdie,75,385
105,Paradise Regained,1671,False,Milton,5,379
106,The Grapes of Wrath,1939,False,Steinbeck,78,368
107,Light in August,1932,False,Faulkner,9,365
108,Leviathan,1651,False,Hobbes,117,363
109,The Turn of the Screw,1898,False,James,7,363
110,Billy Budd,,True,Melville,12,362
111,The Book of Margery Kempe,,True,Kempe,309,360
112,The Merry Wives of Windsor,1599,False,Shakespeare,1,360
113,Disgrace,1999,False,Coetzee,64,360
114,Bartleby the Scrivener,,True,Melville,12,360
115,Native Son,1940,False,Wright,90,359
116,Their Eyes Were Watching God,1937,False,Hurston,108,358
117,Four Quartets,1943,False,Eliot,11,354
118,As I Lay Dying,1930,False,Faulkner,9,352
119,Women in Love,1920,False,Lawrence,19,352
120,"Ada, or Ardor",1969,False,Nabokov,10,349
121,Tom Jones,1749,False,Fielding,76,347
122,The Sun Also Rises,1926,False,Hemingway,18,342
123,Jude the Obscure,1895,False,Hardy,23,342
124,Our Mutual Friend,1864,False,Dickens,6,338
125,A Room of One's Own,1929,False,Woolf,8,331
126,The House of Fame,,True,Chaucer,4,327
127,Arcadia,1580,False,Sidney,68,326
128,The Secret Agent,1907,False,Conrad,13,322
129,The Comedy of Errors,1592,False,Shakespeare,1,320
130,A Passage to India,1924,False,Forster,72,320
131,Northanger Abbey,1818,False,Austen,16,318
132,Watt,1953,False,Beckett,2,318
133,Sense and Sensibility,1811,False,Austen,16,318
134,Dr. Jekyll and Mr. Hyde,1886,False,Stevenson,98,316
135,À la recherche du temps perdu,1913,False,Proust,139,315
136,Oliver Twist,1837,False,Dickens,6,314
137,Endgame,1958,False,Beckett,2,314
138,The Dead,,True,Joyce,3,313
139,The Woman Warrior,1976,False,Kingston,223,313
140,The Unnamable,1958,False,Beckett,2,310
141,Timon of Athens,1608,False,Shakespeare,1,309
142,The Rime of the Ancient Mariner,1798,False,Coleridge,24,308
143,The Duchess of Malfi,1623,False,Webster,160,306
144,Fin de partie,1957,False,Beckett,2,304
145,The Crying of Lot 49,1966,False,Pynchon,60,304
146,L'Innommable,1953,False,Beckett,2,301
147,The Book of the Duchess,,True,Chaucer,4,299
148,The Mill on the Floss,1860,False,Eliot,28,299
149,The Canterbury Tales: The Knight's Tale,,True,Chaucer,4,298
150,The Pilgrim's Progress,1678,False,Bunyan,173,298
151,The Canterbury Tales: The Wife of Bath's Tale,,True,Chaucer,4,295
152,The Road,2006,False,McCarthy,113,292
153,Revelations of Divine Love,,True,Julian of Norwich,372,292
154,The Ambassadors,1903,False,James,7,289
155,Between the Acts,1941,False,Woolf,8,287
156,Wide Sargasso Sea,1966,False,Rhys,163,284
157,Little Dorrit,1855,False,Dickens,6,281
158,A Farewell to Arms,1929,False,Hemingway,18,281
159,The House of Mirth,1905,False,Wharton,70,280
160,Death of a Salesman,1949,False,Miller,129,278
161,Lady Chatterley's Lover,1928,False,Lawrence,19,276
162,The Legend of Good Women,,True,Chaucer,4,276
163,Tamburlaine the Great,1587,True,Marlowe,49,273
164,Lyrical Ballads,1798,False,Wordsworth,14,272
165,The Handmaid's Tale,1985,False,Atwood,66,270
166,Salomé,1893,False,Wilde,36,270
167,Historia Regum Britanniae,,True,Geoffrey of Monmouth,277,268
168,A Sentimental Journey,1768,False,Sterne,61,268
169,King John,1596,False,Shakespeare,1,268
170,The Silmarillion,,True,Tolkien,33,263
171,The Color Purple,1982,False,Walker,170,262
172,A Streetcar Named Desire,1947,False,Williams,86,261
173,My Ántonia,1918,False,Cather,55,261
174,Incidents in the Life of a Slave Girl,1861,False,Jacobs,388,261
175,The Golden Bowl,1904,False,James,7,260
176,Sanctuary,1931,False,Faulkner,9,258
177,The Rainbow,1915,False,Lawrence,19,258
178,Pierre,1852,False,Melville,12,257
179,Comus,1634,False,Milton,5,254
180,Venus and Adonis,1593,False,Shakespeare,1,254
181,Henry VIII,1613,False,Shakespeare,1,253
182,Henry VI plays,,True,Shakespeare,1,252
183,Historia Ecclesiastica Gentis Anglorum,,True,Bede,191,251
184,The Shepheardes Calender,1579,False,Spenser,22,251
185,Ceremony,1977,False,Silko,182,250
186,Childe Harold's Pilgrimage,1812,False,Byron,29,250
187,The Spanish Tragedy,1589,True,Kyd,315,250
188,Under the Volcano,1947,False,Lowry,202,250
189,A Tale of Two Cities,1859,False,Dickens,6,249
190,Brave New World,1932,False,Huxley,127,249
191,Three Guineas,1938,False,Woolf,8,246
192,Through the Looking-Glass,1871,False,Carroll,62,245
193,Benito Cereno,1855,False,Melville,12,245
194,Hard Times,1854,False,Dickens,6,243
195,Vanity Fair,1847,False,Thackeray,120,242
196,The Temple,1633,False,Herbert,88,241
197,The Bluest Eye,1970,False,Morrison,40,240
198,The Rape of Lucrece,1594,False,Shakespeare,1,240
199,The Interesting Narrative of the Life of Olaudah Equiano,1789,False,Equiano,440,240
200,The Wings of the Dove,1902,False,James,7,240
201,Sister Carrie,1900,False,Dreiser,109,239
202,Sons and Lovers,1913,False,Lawrence,19,238
203,The Love Song of J. Alfred Prufrock,,True,Eliot,11,238
204,The Wonderful Wizard of Oz,1900,False,Baum,211,237
205,Henry IV Part 2,1598,False,Shakespeare,1,236
206,Song of Solomon,1977,False,Morrison,40,236
207,La Divina Commedia: Inferno,,True,Dante,53,236
208,Volpone,1606,False,Jonson,39,235
209,Nostromo,1904,False,Conrad,13,235
210,Under Western Eyes,1911,False,Conrad,13,234
211,Lycidas,,True,Milton,5,233
212,The Rape of the Lock,1712,False,Pope,45,226
213,A Connecticut Yankee in King Arthur's Court,1889,False,Twain,15,226
214,Dombey and Son,1846,False,Dickens,6,225
215,The Professor's House,1925,False,Cather,55,225
216,Adam Bede,1859,False,Eliot,28,224
217,Narrative of the Life of Frederick Douglass,1845,False,Douglass,172,224
218,A Treatise of Human Nature,1739,False,Hume,89,224
219,The Chronicles of Narnia,1950,False,Lewis,57,222
220,Oroonoko,1688,False,Behn,157,222
221,The Confidence-Man,1857,False,Melville,12,221
222,Twilight series,,True,Meyer,460,219
223,Nightwood,1936,False,Barnes,280,219
224,The Catcher in the Rye,1951,False,Salinger,209,219
225,Typee,1846,False,Melville,12,219
226,Astrophel and Stella,1591,False,Sidney,68,218
227,The Fall of the House of Usher,,True,Poe,17,218
228,Blood Meridian,1985,False,McCarthy,113,218
229,A Vindication of the Rights of Woman,1792,False,Wollstonecraft,159,217
230,The Red Badge of Courage,1895,False,Crane,93,217
231,Essay concerning Human Understanding,1690,False,Locke,104,216
232,Brut,,True,Layamon,462,215
233,Malone meurt,1951,False,Beckett,2,214
234,Sula,1973,False,Morrison,40,212
235,A Tale of a Tub,1704,False,Swift,31,212
236,Essais,1580,False,Montaigne,261,211
237,The Woman in White,1860,False,Collins,151,211
238,Malone Dies,1956,False,Beckett,2,211
239,The Works of Ossian,1765,False,Macpherson,331,209
240,Kim,1901,False,Kipling,59,207
241,De Consolatione Philosophiae,,True,Boethius,288,206
242,Borderlands/La Frontera,1987,False,Anzaldúa,300,206
243,Howards End,1910,False,Forster,72,206
244,Biographia Literaria,1817,False,Coleridge,24,205
245,Pnin,1957,False,Nabokov,10,204
246,The Origin of Species,1859,False,Darwin,124,203
247,The Time Machine,1895,False,Wells,77,202
248,Omeros,1990,False,Walcott,164,202
249,The God of Small Things,1997,False,Roy,430,202
250,The Blithedale Romance,1852,False,Hawthorne,21,202
251,Jacob's Room,1922,False,Woolf,8,201
252,The Yellow Wall Paper,,True,Gilman,238,200
253,Moll Flanders,1722,False,Defoe,42,199
254,The Defence of Poesie,1595,False,Sidney,68,199
255,Little Women,1868,False,Alcott,241,198
256,The Pickwick Papers,1836,False,Dickens,6,198
257,The Souls of Black Folk,1903,False,Du Bois,148,198
258,Maus: A Survivor's Tale,1986,False,Spiegelman,436,197
259,The Parliament of Fowls,,True,Chaucer,4,197
260,The Marble Faun,1860,False,Hawthorne,21,196
261,Jerusalem,1804,False,Blake,27,195
262,Shirley,1849,False,Brontë,46,194
263,The Canterbury Tales: The Clerk's Tale,,True,Chaucer,4,194
264,Edward II,1592,False,Marlowe,49,194
265,On the Road,1957,False,Kerouac,183,192
266,The Canterbury Tales: The Miller's Tale,,True,Chaucer,4,192
267,The Two Gentlemen of Verona,1592,False,Shakespeare,1,191
268,For Whom the Bell Tolls,1940,False,Hemingway,18,191
269,The Canterbury Tales: The Franklin's Tale,,True,Chaucer,4,189
270,Mary Barton,1848,False,Gaskell,103,189
271,The House of the Seven Gables,1851,False,Hawthorne,21,188
272,The Alexandria quartet,,True,Durrell,184,187
273,Joseph Andrews,1742,False,Fielding,76,187
274,Confessions of an English Opium Eater,1822,False,De Quincey,188,186
275,New Arcadia,1590,False,Sidney,68,186
276,V.,1963,False,Pynchon,60,185
277,A Dictionary of the English Language,1755,False,Johnson,41,185
278,"Speak, Memory",1951,False,Nabokov,10,184
279,In Memoriam A. H. H.,1850,False,Tennyson,54,183
280,Hunger Games trilogy,,True,Collins,525,183
281,North and South,1855,False,Gaskell,103,181
282,The Canterbury Tales: The Pardoner's Tale,,True,Chaucer,4,180
283,The French Lieutenant's Woman,1969,False,Fowles,204,180
284,Prometheus Unbound,1820,False,Shelley,32,179
285,White Noise,1985,False,DeLillo,110,178
286,The Tragedy of Pudd'nhead Wilson,1894,False,Twain,15,178
287,Oryx and Crake,2003,False,Atwood,66,177
288,The Dunciad,1728,False,Pope,45,177
289,Long Day's Journey into Night,1956,False,O'Neill,65,176
290,Waiting for the Barbarians,1980,False,Coetzee,64,176
291,The Tenant of Wildfell Hall,1848,False,Brontë,311,175
292,Never Let Me Go,2005,False,Ishiguro,242,175
293,The Old Curiosity Shop,1840,False,Dickens,6,175
294,Kubla Khan,,True,Coleridge,24,175
295,Caleb Williams,1794,False,Godwin,193,175
296,Song of Myself,,True,Whitman,25,174
297,A Song of Ice and Fire series,,True,Martin,522,174
298,Urania,1621,False,Wroth,368,172
299,The Canterbury Tales: General Prologue,,True,Chaucer,4,172
300,Foe,1986,False,Coetzee,64,171
301,Murphy,1938,False,Beckett,2,170
302,The Age of Innocence,1920,False,Wharton,70,170
303,The Voyage Out,1915,False,Woolf,8,168
304,The Bostonians,1886,False,James,7,168
305,The Narrative of Arthur Gordon Pym of Nantucket,1838,False,Poe,17,168
306,The Changeling,1622,False,Middleton,101,167
307,The Canterbury Tales: The Man of Law's Tale,,True,Chaucer,4,167
308,Lord of the Flies,1954,False,Golding,221,167
309,Jazz,1992,False,Morrison,40,166
310,The Golden Notebook,1962,False,Lessing,111,166
311,Idylls of the King,1859,False,Tennyson,54,166
312,The Changeling,1622,False,Rowley,360,165
313,The Return of the Native,1878,False,Hardy,23,165
314,The Good Soldier,1915,False,Ford,145,165
315,The Alchemist,1610,False,Jonson,39,164
316,The Last of the Mohicans,1826,False,Cooper,96,164
317,The Importance of Being Earnest,1895,False,Wilde,36,164
318,The Island of Dr. Moreau,1896,False,Wells,77,164
319,Passing,1929,False,Larsen,328,163
320,Lines Composed a Few Miles above Tintern Abbey,,True,Wordsworth,14,163
321,Paradise,1997,False,Morrison,40,162
322,The Jew of Malta,1590,False,Marlowe,49,162
323,Cane,1923,False,Toomer,362,162
324,Anne of Green Gables,1908,False,Montgomery,307,161
325,Henry VI Part 2,1590,False,Shakespeare,1,159
326,The Mayor of Casterbridge,1886,False,Hardy,23,158
327,The English Patient,1992,False,Ondaatje,231,158
328,The Monk,1796,False,Lewis,403,157
329,The Gift,1963,False,Nabokov,10,157
330,The Mysteries of Udolpho,1794,False,Radcliffe,296,156
331,Mandeville's Travels,,True,Mandeville,577,156
332,Tender Is the Night,1934,False,Fitzgerald,50,156
333,The Canterbury Tales: The Prioress's Tale,,True,Chaucer,4,156
334,Areopagitica,1644,False,Milton,5,155
335,Sir Charles Grandison,1753,False,Richardson,74,155
336,News from Nowhere,1890,False,Morris,121,155
337,Atonement,2001,False,McEwan,195,155
338,Ode on a Grecian Urn,,True,Keats,34,153
339,A Christmas Carol,1843,False,Dickens,6,152
340,The Years,1937,False,Woolf,8,152
341,Evelina,1778,False,Burney,206,152
342,Arrow of God,1964,False,Achebe,85,152
343,A View of the Present State of Ireland,1596,False,Spenser,22,152
344,Elizabeth Costello,2003,False,Coetzee,64,152
345,Dar,1937,False,Nabokov,10,152
346,Underworld,1997,False,DeLillo,110,151
347,Neuromancer,1984,False,Gibson,352,150
348,Faust,1808,False,Goethe,100,150
349,La Dernière Bande,1959,False,Beckett,2,150
350,Gone with the Wind,1936,False,Mitchell,583,149
351,The Actes and Monuments of These Latter and Perillous Dayes,1563,False,Foxe,594,149
352,Brideshead Revisited,1945,False,Waugh,140,149
353,Krapp's Last Tape,1958,False,Beckett,2,148
354,Vineland,1990,False,Pynchon,60,148
355,Almanac of the Dead,1991,False,Silko,182,148
356,Angels in America,1993,False,Kushner,450,147
357,The Last Man,1826,False,Shelley,52,147
358,Romola,1863,False,Eliot,28,147
359,The Excursion,1814,False,Wordsworth,14,146
360,To Kill a Mockingbird,1960,False,Lee,691,146
361,Waverley,1814,False,Scott,47,146
362,Peter Pan,1904,False,Barrie,340,145
363,Lady Audley's Secret,1862,False,Braddon,353,145
364,A Vision,1925,False,Yeats,20,145
365,Death Comes for the Archbishop,1927,False,Cather,55,145
366,Quicksand,1928,False,Larsen,328,144
367,The Mystery of Edwin Drood,1870,False,Dickens,6,144
368,Film,1963,False,Beckett,2,144
369,The War of the Worlds,1898,False,Wells,77,143
370,Falling Man,2007,False,DeLillo,110,143
371,Wise Blood,1952,False,O'Connor,67,143
372,Silas Marner,1861,False,Eliot,28,143
373,Far from the Madding Crowd,1874,False,Hardy,23,142
374,Sartor Resartus,1833,False,Carlyle,81,142
375,De Doctrina Christiana,,True,Milton,5,141
376,Infinite Jest,1996,False,Wallace,302,141
377,Black Boy,1945,False,Wright,90,141
378,The Adventures of Tom Sawyer,1876,False,Twain,15,141
379,The Anatomy of Melancholy,1621,False,Burton,459,140
380,The House on Mango Street,1983,False,Cisneros,345,140
381,The Autobiography of an Ex-Colored Man,1912,False,Johnson,482,140
382,Orientalism,1978,False,Said,235,140
383,"Go Down, Moses and Other Stories",1942,False,Faulkner,9,140
384,The Moonstone,1868,False,Collins,151,140
385,Dream of Fair to Middling Women,,True,Beckett,2,140
386,Martin Chuzzlewit,1843,False,Dickens,6,140
387,The Murders in the Rue Morgue,,True,Poe,17,139
388,Aurora Leigh,1856,False,Browning,171,139
389,Rasselas,1759,False,Johnson,41,139
390,The Real Life of Sebastian Knight,1941,False,Nabokov,10,139
391,The Canterbury Tales: The Nun's Priest's Tale,,True,Chaucer,4,139
392,The Story of an African Farm,1883,False,Schreiner,386,139
393,Paterson,1946,False,Williams,73,138
394,Christabel,1816,False,Coleridge,24,137
395,The Castle of Otranto,1764,False,Walpole,339,136
396,Autobiography,,True,Franklin,144,136
397,The Brief Wondrous Life of Oscar Wao,2007,False,Díaz,488,136
398,Worstward Ho,1983,False,Beckett,2,136
399,Orlando furioso,1516,False,Ariosto,426,136
400,The Song of the Lark,1915,False,Cather,55,136
401,Do Androids Dream of Electric Sheep?,1968,False,Dick,208,135
402,The Joy Luck Club,1989,False,Tan,489,135
403,His Dark Materials novels,,True,Pullman,654,135
404,Manfred,1817,False,Byron,29,135
405,Alice books,,True,Carroll,62,135
406,Il Decameron,1348,True,Boccaccio,232,135
407,The Old Man and the Sea,1952,False,Hemingway,18,134
408,The Ring and the Book,1868,False,Browning,48,134
409,White Teeth,2000,False,Smith,401,133
410,Animal Farm,1945,False,Orwell,71,133
411,Fun Home,2006,False,Bechdel,651,133
412,A Journal of the Plague Year,1722,False,Defoe,42,133
413,Saturday,2005,False,McEwan,195,132
414,Wieland,1798,False,Brown,226,132
415,Milton,1804,False,Blake,27,132
416,Les Bienveillantes,2006,False,Littell,921,131
417,Roxana,1724,False,Defoe,42,131
418,The Raven,,True,Poe,17,131
419,The Remains of the Day,1989,False,Ishiguro,242,131
420,Shame,1983,False,Rushdie,75,131
421,Oh! les beaux jours,1963,False,Beckett,2,130
422,Reflections on the Revolution in France,1790,False,Burke,141,130
423,The Hamlet,1940,False,Faulkner,9,130
424,The Four Zoas,1797,False,Blake,27,130
425,A Philosophical Enquiry into the Origin of Our Ideas of the Sublime and Beautiful,1756,False,Burke,141,130
426,Signs and Symbols,,True,Nabokov,10,130
427,The Theory of Moral Sentiments,1759,False,Smith,297,129
428,The Private Memoirs and Confessions of a Justified Sinner,1824,False,Hogg,270,129
429,Happy Days,1961,False,Beckett,2,129
430,Let Us Now Praise Famous Men,1941,False,Agee,364,129
431,Madame Bovary,1857,False,Flaubert,236,129
432,A Clockwork Orange,1962,False,Burgess,322,129
433,Possession,1990,False,Byatt,314,129
434,The Human Stain,2000,False,Roth,102,128
435,American Psycho,1991,False,Ellis,511,128
436,Henry VI Part 1,1590,False,Shakespeare,1,128
437,Bartholomew Fair,1614,False,Jonson,39,127
438,Nervous Conditions,1988,False,Dangarembga,638,126
439,The Canterbury Tales: The Merchant's Tale,,True,Chaucer,4,125
440,"The Life of Samuel Johnson, LL.D.",1791,False,Boswell,216,125
441,Waverley novels,,True,Scott,47,124
442,At Swim-Two-Birds,1939,False,O'Brien,316,124
443,"Winesburg, Ohio",1919,False,Anderson,192,124
444,Looking Backward,1888,False,Bellamy,619,124
445,Pygmalion,1912,False,Shaw,43,124
446,The White Devil,,True,Webster,160,124
447,Love Medicine,1984,False,Erdrich,244,124
448,American Pastoral,1997,False,Roth,102,123
449,A Rose for Emily,,True,Faulkner,9,123
450,The Purloined Letter,,True,Poe,17,123
451,Clarel,1876,False,Melville,12,123
452,Il Principe,1532,False,Machiavelli,354,123
453,The Seasons,1726,False,Thomson,376,123
454,Surfacing,1972,False,Atwood,66,123
455,Mason & Dixon,1997,False,Pynchon,60,123
456,A Mercy,2008,False,Morrison,40,122
457,"Look Homeward, Angel",1929,False,Wolfe,132,122
458,The Wrongs of Woman,1798,False,Wollstonecraft,159,121
459,All the King's Men,1946,False,Warren,147,121
460,The Secret Sharer,,True,Conrad,13,121
461,The Education of Henry Adams,1907,False,Adams,245,120
462,Slaughterhouse-Five,1969,False,Vonnegut,217,119
463,The Wealth of Nations,1776,False,Smith,297,119
464,The Country of the Pointed Firs,1896,False,Jewett,330,119
465,"Mariam, the Fair Queen of Jewry",1613,False,Cary,660,119
466,The Blazing World,1666,False,Cavendish,260,119
467,Confessiones,,True,Augustine,166,118
468,The Plumed Serpent,1926,False,Lawrence,19,118
469,Naked Lunch,1959,False,Burroughs,215,118
470,Oz novels,,True,Baum,211,118
471,The Reluctant Fundamentalist,2007,False,Hamid,595,117
472,Against the Day,2006,False,Pynchon,60,117
473,Goblin Market,,True,Rossetti,247,117
474,A Dance to the Music of Time,,True,Powell,523,117
475,Cranford,1853,False,Gaskell,103,117
476,The Beast in the Jungle,,True,James,7,116
477,The Cenci,1819,False,Shelley,32,116
478,McTeague,1899,False,Norris,229,116
479,Victory,1915,False,Conrad,13,116
480,Not I,1972,False,Beckett,2,116
481,The Crucible,1953,False,Miller,129,115
482,Herland,1915,False,Gilman,238,115
483,The Garden of Eden,,True,Hemingway,18,115
484,Salve Deus Rex Judaeorum,1611,False,Lanyer,736,115
485,The Bell Jar,1963,False,Plath,97,115
486,O Pioneers!,1913,False,Cather,55,114
487,The Glass Menagerie,1945,False,Williams,86,114
488,The Two Noble Kinsmen,1613,False,Fletcher,133,114
489,The Moor's Last Sigh,1995,False,Rushdie,75,114
490,"The Nigger of the ""Narcissus",1897,False,Conrad,13,114
491,Felix Holt,1866,False,Eliot,28,114
492,One Flew over the Cuckoo's Nest,1962,False,Kesey,559,114
493,Songs of Innocence and of Experience,1794,False,Blake,27,113
494,The American Scene,1907,False,James,7,112
495,Anthills of the Savannah,1987,False,Achebe,85,112
496,Murphy,1946,False,Beckett,2,111
497,Upon Appleton House,,True,Marvell,99,111
498,What Maisie Knew,1897,False,James,7,111
499,The Princess Casamassima,1886,False,James,7,111
500,Compagnie,1980,False,Beckett,2,111
501,Treasure Island,1883,False,Stevenson,98,110
502,Obasan,1981,False,Kogawa,804,110
503,Pas moi,1975,False,Beckett,2,110
504,The Marrow of Tradition,1901,False,Chesnutt,243,109
505,China Men,1980,False,Kingston,223,109
506,Company,1980,False,Beckett,2,109
507,U. S. A.,1937,False,Dos Passos,240,109
508,The Marriage of Heaven and Hell,1790,False,Blake,27,109
509,An American Tragedy,1925,False,Dreiser,109,108
510,The Decline and Fall of the Roman Empire,1776,False,Gibbon,432,107
511,The Third Policeman,1967,False,O'Brien,316,107
512,The Soveraignty and Goodness of God: A Narrative of the Captivity,1682,False,Rowlandson,1023,107
513,Studies in the History of the Renaissance,1873,False,Pater,131,106
514,The Wild Palms,1939,False,Faulkner,9,106
515,Bend Sinister,1947,False,Nabokov,10,105
516,Ligeia,,True,Poe,17,105
517,The Well of Loneliness,1928,False,Hall,791,105
518,Eichmann in Jerusalem,1963,False,Arendt,142,104
519,Pilgrimage novels,,True,Richardson,565,104
520,An Essay on Man,1733,False,Pope,45,104
521,Anil's Ghost,2000,False,Ondaatje,231,104
522,James Bond novels,,True,Fleming,504,104
523,Ode to a Nightingale,,True,Keats,34,104
524,Rappaccini's Daughter,,True,Hawthorne,21,103
525,Humphry Clinker,1771,False,Smollett,194,103
526,Tracks,1988,False,Erdrich,244,103
527,In Our Time,1924,False,Hemingway,18,103
528,Nature,1836,False,Emerson,30,102
529,The Pioneers,1823,False,Cooper,96,102
530,Catch-22,1961,False,Heller,455,102
531,A Question of Power,1973,False,Head,391,102
532,The Canterbury Tales: The Reeve's Tale,,True,Chaucer,4,102
533,Fanny Hill,1748,False,Cleland,855,102
534,Edgar Huntly,1799,False,Brown,226,101
535,A Good Man Is Hard to Find,,True,O'Connor,67,101
536,The Woodlanders,1887,False,Hardy,23,101
537,La Nuit,1958,False,Wiesel,402,100
538,The Playboy of the Western World,1907,False,Synge,198,100
539,The Pisan Cantos,1948,False,Pound,26,100
540,'Tis Pity She's a Whore,,True,Ford,306,100
541,Housekeeping,1981,False,Robinson,571,100
542,The Eve of St. Agnes,,True,Keats,34,100
543,Translations,1980,False,Friel,312,99
544,Brick Lane,2003,False,Ali,871,99
545,Extremely Loud and Incredibly Close,2005,False,Foer,553,99
546,The Female Quixote,1752,False,Lennox,643,99
547,A Week on the Concord and Merrimack Rivers,1849,False,Thoreau,38,99
548,One of Ours,1922,False,Cather,55,99
549,Life and Times of Michael K,1983,False,Coetzee,64,99
550,Dictée,1982,False,Cha,834,99
551,Hyperion,1818,False,Keats,34,99
552,Absalom and Achitophel,1681,False,Dryden,58,98
553,Half of a Yellow Sun,2006,False,Adichie,379,98
554,No Country for Old Men,2005,False,McCarthy,113,98
555,Life of Pi,2001,False,Martel,977,98
556,How It Is,1964,False,Beckett,2,98
557,Comment c'est,1961,False,Beckett,2,98
558,The Secret Garden,1911,False,Burnett,664,98
559,Tar Baby,1981,False,Morrison,40,98
560,Barnaby Rudge,1841,False,Dickens,6,98
561,Daisy Miller,1879,False,James,7,97
562,Almayer's Folly,1895,False,Conrad,13,97
563,The Custom of the Country,1913,False,Wharton,70,97
564,Of Mice and Men,1937,False,Steinbeck,78,97
565,The Aspern Papers,1888,False,James,7,97
566,Jasmine,1989,False,Mukherjee,420,96
567,The Moviegoer,1961,False,Percy,220,96
568,Intimations of Immortality from Recollections of Early Childhood,,True,Wordsworth,14,96
569,The Famished Road,1991,False,Okri,568,95
570,Suttree,1979,False,McCarthy,113,95
571,Lives of Saints,,True,Ælfric,224,95
572,Murder in the Cathedral,1935,False,Eliot,11,95
573,Elegy Written in a Country Churchyard,,True,Gray,327,94
574,The Octopus,1901,False,Norris,229,94
575,Modern Painters,1843,False,Ruskin,87,94
576,Epicœne,1620,False,Jonson,39,94
577,Tender Buttons,1914,False,Stein,80,94
578,The Hungry Tide,2004,False,Ghosh,275,94
579,Howl,,True,Ginsberg,271,94
580,Ivanhoe,1819,False,Scott,47,94
581,A Modest Proposal,1729,False,Swift,31,94
582,The Human Condition,1958,False,Arendt,142,93
583,Nicholas Nickleby,1838,False,Dickens,6,93
584,Sermones Catholici,,True,Ælfric,224,93
585,House of Leaves,2000,False,Danielewski,896,93
586,Alias Grace,1996,False,Atwood,66,93
587,The Canterbury Tales: The Wife of Bath's Prologue,,True,Chaucer,4,92
588,Fahrenheit 451,1953,False,Bradbury,398,92
589,The Namesake,2003,False,Lahiri,473,92
590,Kindred,1979,False,Butler,268,92
591,Mama Day,1988,False,Naylor,429,92
592,Amoretti,1595,False,Spenser,22,92
593,Lilith,1895,False,MacDonald,249,92
594,New Atlantis,1627,False,Bacon,137,92
595,The Heart of Midlothian,1818,False,Scott,47,91
596,Parable of the Sower,1993,False,Butler,268,91
597,Sanditon,,True,Austen,16,91
598,The Iceman Cometh,1946,False,O'Neill,65,91
599,Parade's End,1924,False,Ford,145,91
600,The Testament of Cresseid,,True,Henryson,394,91
601,Invitation to a Beheading,1959,False,Nabokov,10,91
602,The Shadow Lines,1988,False,Ghosh,275,91
603,Holy Sonnets,,True,Donne,35,90
604,The Things They Carried,1990,False,O'Brien,500,90
605,The Emperor Jones,1920,False,O'Neill,65,90
606,Mules and Men,1935,False,Hurston,108,90
607,Vathek,1786,False,Beckford,585,90
608,The Wreck of the Deutschland,,True,Hopkins,63,90
609,Marius the Epicurean,1885,False,Pater,131,90
610,My Bondage and My Freedom,1855,False,Douglass,172,89
611,The American,1877,False,James,7,89
612,The Inheritance of Loss,2006,False,Desai,1002,89
613,Alastor,1816,False,Shelley,32,89
614,Mardi,1849,False,Melville,12,89
615,The Unfortunate Traveller,1594,False,Nashe,292,88
616,Go Tell It on the Mountain,1953,False,Baldwin,114,88
617,The Vicar of Wakefield,1766,False,Goldsmith,225,88
618,Battle Pieces and Aspects of War,1866,False,Melville,12,88
619,Peter and Wendy,1911,False,Barrie,340,87
620,Corregidora,1975,False,Jones,671,87
621,Cat's Eye,1989,False,Atwood,66,87
622,Letters from an American Farmer,1782,False,St. John de Crèvecoeur,781,87
623,Sophie's Choice,1979,False,Styron,299,87
624,The Dispossessed,1974,False,Le Guin,214,87
625,Prestuplenie i nakazanie,1865,False,Dostoevskiĭ,146,87
626,In Cold Blood,1966,False,Capote,425,86
627,Death and the King's Horseman,1976,False,Soyinka,115,86
628,Watchmen,1987,False,Moore,492,86
629,Castle Rackrent,1800,False,Edgeworth,257,86
630,She,1887,False,Haggard,431,86
631,Hero and Leander,1598,False,Marlowe,49,86
632,The Hairy Ape,1922,False,O'Neill,65,86
633,The Hound of the Baskervilles,1901,False,Conan Doyle,51,86
634,More Pricks Than Kicks,1934,False,Beckett,2,86
635,Young Goodman Brown,,True,Hawthorne,21,85
636,The Bridge,1930,False,Crane,264,85
637,No Longer at Ease,1960,False,Achebe,85,85
638,Dreaming in Cuban,1992,False,García,652,85
639,Libra,1988,False,DeLillo,110,85
640,The Seven Pillars of Wisdom,1926,False,Lawrence,442,85
641,The Wanderer,1814,False,Burney,206,85
642,The Buddha of Suburbia,1990,False,Kureishi,447,85
643,Catastrophe,1982,False,Beckett,2,85
644,The Jolly Corner,,True,James,7,84
645,The Innocents Abroad,1869,False,Twain,15,84
646,Lucy,1990,False,Kincaid,281,84
647,A House for Mr. Biswas,1961,False,Naipaul,150,84
648,House Made of Dawn,1969,False,Momaday,497,84
649,The French Revolution,1837,False,Carlyle,81,84
650,Maggie,1893,False,Crane,93,84
651,Priglashenie na kazn',1938,False,Nabokov,10,84
652,M. Butterfly,1988,False,Hwang,780,84
653,Sejanus,1603,False,Jonson,39,84
654,Leather-Stocking Tales,,True,Cooper,96,84
655,The Man of the Crowd,,True,Poe,17,83
656,The Canterbury Tales: The Squire's Tale,,True,Chaucer,4,83
657,The Autobiography of Alice B. Toklas,1933,False,Stein,80,83
658,Delta Wedding,1946,False,Welty,92,83
659,Rosencrantz and Guildenstern Are Dead,1966,False,Stoppard,212,83
660,The Magus,1966,False,Fowles,204,83
661,Kritik der Urteilskraft,1790,False,Kant,174,83
662,Journal,,True,Thoreau,38,83
663,Stephen Hero,,True,Joyce,3,83
664,The Canterbury Tales: The Monk's Tale,,True,Chaucer,4,83
665,Grace Abounding to the Chief of Sinners,1666,False,Bunyan,173,83
666,Maurice,,True,Forster,72,83
667,Herzog,1964,False,Bellow,91,83
668,Manhattan Transfer,1925,False,Dos Passos,240,83
669,A Study in Scarlet,1887,False,Conan Doyle,51,83
670,Agnes Grey,1847,False,Brontë,311,82
671,Ill Seen Ill Said,1981,False,Beckett,2,82
672,The Beggar's Opera,1728,False,Gay,393,82
673,An Enquiry concerning Human Understanding,1777,False,Hume,89,82
674,Araby,,True,Joyce,3,82
675,All the Pretty Horses,1992,False,McCarthy,113,82
676,Americanah,2013,False,Adichie,379,82
677,Amelia,1751,False,Fielding,76,81
678,The Enigma of Arrival,1987,False,Naipaul,150,81
679,Pamphilia to Amphilanthus,,True,Wroth,368,81
680,East of Eden,1952,False,Steinbeck,78,81
681,Purple Hibiscus,2003,False,Adichie,379,81
682,The White Tiger,2008,False,Adiga,1305,81
683,Quad,1981,False,Beckett,2,81
684,Brokeback Mountain,,True,Proulx,627,81
685,To Autumn,,True,Keats,34,81
686,Cloud Atlas,2004,False,Mitchell,698,81
687,Melmoth the Wanderer,1820,False,Maturin,721,81
688,Push,1996,False,Sapphire,1110,80
689,"The Chronicles of England, Scotland and Irelande",1577,False,Holinshed,847,80
690,The Canterbury Tales: The Parson's Tale,,True,Chaucer,4,80
691,Redburn,1849,False,Melville,12,80
692,Henry VI Part 3,1591,False,Shakespeare,1,80
693,A Raisin in the Sun,1959,False,Hansberry,707,80
694,Kangaroo,1923,False,Lawrence,19,80
695,The Rise of Silas Lapham,1885,False,Howells,126,80
696,Nights at the Circus,1984,False,Carter,179,80
697,Rip Van Winkle,,True,Irving,156,80
698,Cosmopolis,2003,False,DeLillo,110,80
699,Seize the Day,1956,False,Bellow,91,80
700,Voss,1957,False,White,227,80
701,Deliverance,1970,False,Dickey,272,80
702,"Go Down, Moses",,True,Faulkner,9,80
703,Women Beware Women,1657,False,Middleton,101,79
704,Voyage in the Dark,1934,False,Rhys,163,79
705,"Breath, Eyes, Memory",1994,False,Danticat,321,79
706,The Shoemaker's Holiday,1599,False,Dekker,237,79
707,The Varieties of Religious Experience,1901,False,James,130,79
708,Age of Iron,1990,False,Coetzee,64,79
709,Crash,1972,False,Ballard,337,79
710,Cain,1821,False,Byron,29,79
711,The Stones of Venice,1851,False,Ruskin,87,79
712,I Know Why the Caged Bird Sings,1970,False,Angelou,656,79
713,The Italian,1797,False,Radcliffe,296,78
714,The Day of the Locust,1939,False,West,351,78
715,Praisesong for the Widow,1983,False,Marshall,390,78
716,City of Glass,1985,False,Auster,248,78
717,Meridian,1976,False,Walker,170,78
718,Petals of Blood,1977,False,Ngũgĩ wa Thiong'o,219,78
719,The Pale King,,True,Wallace,302,78
720,Exiles,1918,False,Joyce,3,78
721,Arcadia,1993,False,Stoppard,212,77
722,American Notes for General Circulation,1842,False,Dickens,6,77
723,De Profundis,1905,False,Wilde,36,77
724,The Triumph of Life,1822,False,Shelley,32,77
725,How the García Girls Lost Their Accents,1991,False,Alvarez,514,77
726,The Plot against America,2004,False,Roth,102,77
727,Two Treatises of Government,1689,False,Locke,104,77
728,Devotions upon Emergent Occasions,1624,False,Donne,35,77
729,Waterland,1983,False,Swift,564,77
730,Belinda,1801,False,Edgeworth,257,76
731,Brat'ia Karamazovy,1880,False,Dostoevskiĭ,146,76
732,Mal vu mal dit,1981,False,Beckett,2,76
733,Border trilogy,,True,McCarthy,113,76
734,Henderson the Rain King,1959,False,Bellow,91,76
735,Running in the Family,1982,False,Ondaatje,231,76
736,The Lifted Veil,1859,False,Eliot,28,76
737,The Phoenix and the Turtle,,True,Shakespeare,1,76
738,The Rover,1677,False,Behn,157,76
739,Night and Day,1919,False,Woolf,8,76
740,Despair,1965,False,Nabokov,10,76
741,L'Allegro,,True,Milton,5,76
742,The Spoils of Poynton,1897,False,James,7,76
743,The Farming of Bones,1998,False,Danticat,321,75
744,New Grub Street,1891,False,Gissing,136,75
745,A Defence of Poetry,1821,False,Shelley,32,75
746,The Violent Bear It Away,1960,False,O'Connor,67,75
747,Main Street,1920,False,Lewis,213,75
748,The Dream Songs,1969,False,Berryman,373,75
749,Émile,1762,False,Rousseau,155,75
750,Cecilia,1782,False,Burney,206,75
751,Open City,2011,False,Cole,1026,75
752,On Liberty,1859,False,Mill,207,75
753,Mr. Sammler's Planet,1969,False,Bellow,91,75
754,Canzoniere,,True,Petrarca,253,75
755,Carmilla,,True,Le Fanu,465,74
756,"Letters Written during a Short Residence in Sweden, Norway and Denmark",1796,False,Wollstonecraft,159,74
757,The Maltese Falcon,1930,False,Hammett,458,74
758,Adonais,1821,False,Shelley,32,74
759,An Enquiry concerning Political Justice,1793,False,Godwin,193,74
760,Ruth,1853,False,Gaskell,103,74
761,Otchaianie,1934,False,Nabokov,10,74
762,Roughing It,1872,False,Twain,15,74
763,Humboldt's Gift,1975,False,Bellow,91,74
764,The Roaring Girle,1611,False,Middleton,101,73
765,The Roaring Girle,1611,False,Dekker,237,73
766,The Lonely Londoners,1956,False,Selvon,720,73
767,The Bear,,True,Faulkner,9,73
768,The Left Hand of Darkness,1969,False,Le Guin,214,73
769,Everything Is Illuminated,2002,False,Foer,553,73
770,The Wind in the Willows,1908,False,Grahame,1136,73
771,Discworld series,,True,Pratchett,983,73
772,Till We Have Faces,1956,False,Lewis,57,73
773,Sea of Poppies,2008,False,Ghosh,275,73
774,Portnoy's Complaint,1969,False,Roth,102,73
775,Let Us Now Praise Famous Men,1941,False,Evans,1115,73
776,Annie John,1985,False,Kincaid,281,73
777,Ice-Candy-Man,1988,False,Sidhwa,1007,73
778,The Masque of the Red Death,,True,Poe,17,72
779,That Hideous Strength,1945,False,Lewis,57,72
780,The Conjure Woman,1899,False,Chesnutt,243,72
781,The Hours,1998,False,Cunningham,842,72
782,The Lives of Animals,1999,False,Coetzee,64,72
783,Mumbo Jumbo,1972,False,Reed,419,72
784,… but the clouds …,1977,False,Beckett,2,72
785,The Jungle Books,1894,False,Kipling,59,72
786,Giovanni's Room,1956,False,Baldwin,114,72
787,A Lost Lady,1923,False,Cather,55,72
788,Native Speaker,1995,False,Lee,670,71
789,The Canterbury Tales: The Summoner's Tale,,True,Chaucer,4,71
790,Cat on a Hot Tin Roof,1955,False,Williams,86,71
791,The Ground beneath Her Feet,1999,False,Rushdie,75,71
792,The Knight of the Burning Pestle,1609,False,Beaumont,346,71
793,The Knight of the Burning Pestle,1609,False,Fletcher,133,71
794,The Confessions of Nat Turner,1967,False,Styron,299,71
795,The Professor,1857,False,Brontë,46,71
796,Sailing to Byzantium,,True,Yeats,20,71
797,Helen in Egypt,1961,False,Doolittle,152,71
798,Lives of the English Poets,1779,False,Johnson,41,71
799,Mutabilitie Cantos,,True,Spenser,22,71
800,Fifty Shades of Grey,2011,False,James,1229,71
801,Visions of the Daughters of Albion,1793,False,Blake,27,71
802,Babbitt,1922,False,Lewis,213,71
803,Lyrical Ballads,1798,False,Coleridge,24,71
804,The Psalms of Sir Philip Sidney and the Countess of Pembroke,,True,Herbert,518,71
805,Mourning Becomes Electra,1931,False,O'Neill,65,71
806,The Passion of New Eve,1977,False,Carter,179,70
807,Bastard out of Carolina,1992,False,Allison,1006,70
808,The Year of the Flood,2009,False,Atwood,66,70
809,The Autobiography of Malcolm X,1965,False,Malcolm X,570,70
810,Who's Afraid of Virginia Woolf?,1962,False,Albee,251,70
811,Gilead,2004,False,Robinson,571,70
812,On Beauty,2005,False,Smith,401,70
813,The Big Sleep,1939,False,Chandler,303,70
814,"Dido, Queen of Carthage",1594,False,Marlowe,49,70
815,The Golden Apples,1949,False,Welty,92,70
816,White-Jacket,1850,False,Melville,12,70
817,Hymn,,True,Cædmon,960,69
818,A Hazard of New Fortunes,1890,False,Howells,126,69
819,Myrrour of the Blessed Lyf of Jesu Christ,,True,Love,1341,69
820,Haroun and the Sea of Stories,1990,False,Rushdie,75,69
821,Ash Wednesday,,True,Eliot,11,69
822,King Solomon's Mines,1886,False,Haggard,431,69
823,Tripmaster Monkey,1989,False,Kingston,223,69
824,Mont Blanc,,True,Shelley,32,69
825,The Diviners,1974,False,Laurence,344,69
826,Mao II,1991,False,DeLillo,110,69
827,The Tell-Tale Heart,,True,Poe,17,69
828,The Windhover,,True,Hopkins,63,69
829,Shadows on the Rock,1931,False,Cather,55,69
830,Maud,,True,Tennyson,54,68
831,Eureka,1848,False,Poe,17,68
832,Eveline,,True,Joyce,3,68
833,A Woman Kilde with Kindnesse,1603,False,Heywood,324,68
834,In Parenthesis,1937,False,Jones,380,68
835,Our Nig,1859,False,Wilson,1410,68
836,The Street,1946,False,Petry,865,68
837,Sketches by Boz,1833,False,Dickens,6,68
838,The Princess,1847,False,Tennyson,54,68
839,A Grain of Wheat,1967,False,Ngũgĩ wa Thiong'o,219,68
840,A Fable,1954,False,Faulkner,9,68
841,Woman Hollering Creek,1991,False,Cisneros,345,68
842,The Fall of Hyperion,,True,Keats,34,68
843,The Canterbury Tales: The Shipman's Tale,,True,Chaucer,4,68
844,Proust,1931,False,Beckett,2,68
845,The Canterbury Tales: The Tale of Melibee,,True,Chaucer,4,68
846,Dutchman,1964,False,Baraka,287,68
847,"Good Morning, Midnight",1939,False,Rhys,163,67
848,The Travels of William Bartram,1791,False,Bartram,1253,67
849,Fight Club,1996,False,Palahniuk,786,67
850,The Man in the High Castle,1962,False,Dick,208,67
851,Washington Square,1881,False,James,7,67
852,The Canterbury Tales: The Tale of Sir Thopas,,True,Chaucer,4,67
853,The History of Mary Prince,1831,False,Prince,1478,67
854,The Book of Urizen,1794,False,Blake,27,67
855,Notes on the State of Virginia,1787,False,Jefferson,201,67
856,Gerusalemme liberata,1580,False,Tasso,538,67
857,Hesperides,,True,Herrick,392,67
858,Dust Tracks on a Road,1942,False,Hurston,108,67
859,The Descent of Man,1871,False,Darwin,124,67
860,"Bless Me, Ultima",1972,False,Anaya,718,67
861,Saint Joan,1924,False,Shaw,43,67
862,Flags in the Dust,1973,False,Faulkner,9,67
863,The Maximus Poems,1960,False,Olson,282,66
864,Call It Sleep,1934,False,Roth,942,66
865,Boethius,,True,Alfred,385,66
866,The Origins of Totalitarianism,1951,False,Arendt,142,66
867,The Black Jacobins: Toussaint L'Ouverture and the San Domingo Revolution,1938,False,James,470,66
868,Untouchable,1935,False,Anand,598,66
869,The Sign of Four,1890,False,Conan Doyle,51,66
870,Phantastes,1858,False,MacDonald,249,66
871,Silex Scintillans,1650,False,Vaughan,336,66
872,Letters of the Right Honourable Lady M—y W—y M—e,1763,False,Montagu,554,66
873,La Divina Commedia: Purgatorio,,True,Dante,53,66
874,The Outsider,1953,False,Wright,90,66
875,The Shining,1977,False,King,222,66
876,Chance,1914,False,Conrad,13,66
877,Major Barbara,1905,False,Shaw,43,65
878,The Coquette,1797,False,Foster,1276,65
879,The Wild Irish Girl,1806,False,Morgan,797,65
880,The Canterbury Tales: The Physician's Tale,,True,Chaucer,4,65
881,Watchmen,1987,False,Gibbons,1468,65
882,Trilby,1894,False,Du Maurier,963,65
883,Caramelo,2003,False,Cisneros,345,65
884,So Far from God,1993,False,Castillo,610,65
885,Perelandra,1943,False,Lewis,57,65
886,Comédie,1964,False,Beckett,2,65
887,Lady Oracle,1976,False,Atwood,66,65
888,The Bone People,1984,False,Hulme,1218,65
889,Blake,1859,False,Delany,1170,65
890,Wives and Daughters,1864,False,Gaskell,103,65
891,The First Anniversarie,1611,False,Donne,35,65
892,Wilhelm Meisters Lehrjahre,1795,False,Goethe,100,65
893,Lancelot,1977,False,Percy,220,65
894,"The Lion, the Witch, and the Wardrobe",1950,False,Lewis,57,64
895,The Tragic Muse,1890,False,James,7,64
896,Sapphira and the Slave Girl,1940,False,Cather,55,64
897,The Shadow-Line,1917,False,Conrad,13,64
898,The Rubáiyát of Omar Khayyám,1859,False,FitzGerald,817,64
899,A Moveable Feast,1964,False,Hemingway,18,64
900,"Julie, ou la Nouvelle Héloïse",1761,False,Rousseau,155,64
901,The Power and the Glory,1940,False,Greene,119,64
902,The Joys of Motherhood,1979,False,Emecheta,461,64
903,A Thousand Acres,1991,False,Smiley,1133,64
904,"Green Grass, Running Water",1993,False,King,658,64
905,In the Time of the Butterflies,1994,False,Alvarez,514,64
906,The Short Happy Life of Francis Macomber,,True,Hemingway,18,64
907,Songs and Sonnets,,True,Donne,35,64
908,The Virginian,1902,False,Wister,920,64
909,The Optimist's Daughter,1972,False,Welty,92,64
910,The Fountainhead,1943,False,Rand,348,64
911,Tradition and the Individual Talent,,True,Eliot,11,63
912,The Birthday Party,1958,False,Pinter,94,63
913,A Pair of Blue Eyes,1873,False,Hardy,23,63
914,Roderick Hudson,1876,False,James,7,63
915,A Room with a View,1908,False,Forster,72,63
916,In the Heart of the Country,1977,False,Coetzee,64,63
917,A Chast Mayd in Cheape-side,1613,False,Middleton,101,63
918,Et dukkehjem,1879,False,Ibsen,266,63
919,Ariel,1966,False,Plath,97,63
920,Elene,,True,Cynewulf,526,63
921,Silent Spring,1962,False,Carson,986,63
922,The Egoist,1879,False,Meredith,228,63
923,Storyteller,1981,False,Silko,182,63
924,Ragtime,1975,False,Doctorow,435,63
925,The Unvanquished,1938,False,Faulkner,9,63
926,The Recognitions,1955,False,Gaddis,613,63
927,Xenogenesis trilogy,,True,Butler,268,62
928,Tropic of Orange,1997,False,Yamashita,814,62
929,Sir Thomas More (drama),1591,True,Shakespeare,1,62
930,Night Thoughts,1742,False,Young,494,62
931,Another Country,1962,False,Baldwin,114,62
932,The Autobiography of My Mother,1996,False,Kincaid,281,62
933,Vox Clamantis,,True,Gower,143,62
934,Our Town,1938,False,Wilder,381,62
935,Big Two-Hearted River,,True,Hemingway,18,62
936,La vita nuova,,True,Dante,53,62
937,The Last September,1929,False,Bowen,286,62
938,The White Hotel,1980,False,Thomas,1163,62
939,The Anathemata,1952,False,Jones,380,62
940,Die Leiden des jungen Werthers,1774,False,Goethe,100,62
941,Une Tempête,1969,False,Césaire,550,62
942,Play,1964,False,Beckett,2,62
943,The Fable of the Bees,1714,False,Mandeville,648,62
944,Ethan Frome,1911,False,Wharton,70,62
945,Le Roman de Brut,,True,Wace,899,62
946,"My Kinsman, Major Molineux",,True,Hawthorne,21,62
947,Hugh Selwyn Mauberley,1920,False,Pound,26,61
948,Hope Leslie,1827,False,Sedgwick,697,61
949,Trilogy,,True,Doolittle,152,61
950,Of One Blood,1902,False,Hopkins,649,61
951,Love,2003,False,Morrison,40,61
952,Zami: A New Spelling of My Name,1982,False,Lorde,396,61
953,An Outcast of the Islands,1896,False,Conrad,13,61
954,The Canterbury Tales: The Second Nun's Tale,,True,Chaucer,4,61
955,Epithalamion,1596,False,Spenser,22,61
956,No Telephone to Heaven,1987,False,Cliff,632,61
957,Il Penseroso,,True,Milton,5,61
958,Religio Medici,1642,False,Browne,365,61
959,A Shropshire Lad,1896,False,Housman,265,61
960,Henry VIII,1613,False,Fletcher,133,61
961,A Lover's Complaint,,True,Shakespeare,1,61
962,Cien años de soledad,1967,False,García Márquez,546,61
963,In the Skin of a Lion,1987,False,Ondaatje,231,60
964,Perceval,,True,Chrétien de Troyes,413,60
965,The Odd Women,1893,False,Gissing,136,60
966,Cereus Blooms at Night,1996,False,Mootoo,1058,60
967,Death in the Afternoon,1932,False,Hemingway,18,60
968,Rebecca,1938,False,Du Maurier,755,60
969,Die Verwandlung,1915,False,Kafka,158,60
970,The Blind Assassin,2000,False,Atwood,66,60
971,Kanthapura,1938,False,Rao,650,60
972,The Homecoming,1965,False,Pinter,94,60
973,Flush,1933,False,Woolf,8,60
974,The Making of Americans,1925,False,Stein,80,60
975,Die Geburt der Tragödie aus dem Geiste der Musik,1872,False,Nietzsche,128,60
976,Miss Lonelyhearts,1933,False,West,351,60
977,The Advancement of Learning,1605,False,Bacon,137,60
978,On the Morning of Christ's Nativity,,True,Milton,5,60
979,The Sacred Fount,1901,False,James,7,60
980,Charlotte Temple,1791,False,Rowson,875,60
981,The War Prayer,,True,Twain,15,60
982,A Bend in the River,1979,False,Naipaul,150,59
983,Israel Potter,1855,False,Melville,12,59
984,The Revolt of Islam,1817,False,Shelley,32,59
985,Armadale,1866,False,Collins,151,59
986,Pictures from Italy,1846,False,Dickens,6,59
987,The Women of Brewster Place,1982,False,Naylor,429,59
988,Requiem for a Nun,1951,False,Faulkner,9,59
989,Anatomy of Criticism,1957,False,Frye,308,59
990,Jennie Gerhardt,1911,False,Dreiser,109,59
991,Remembering Babylon,1993,False,Malouf,475,59
992,Atlas Shrugged,1957,False,Rand,348,59
993,Carpentaria,2006,False,Wright,1000,58
994,Revelation,,True,O'Connor,67,58
995,The Heart of Redness,2000,False,Mda,685,58
996,The Canterbury Tales: The Manciple's Tale,,True,Chaucer,4,58
997,On Fairy-Stories,,True,Tolkien,33,58
998,A Journey to the Western Islands of Scotland,1775,False,Johnson,41,58
999,The New York trilogy,,True,Auster,248,58
1000,The Beautyful Ones Are Not Yet Born,1968,False,Armah,502,58
1001,The Book of Daniel,1971,False,Doctorow,435,58
1002,History of King Richard III,1514,False,More,56,58
1003,Clotel,1853,False,Brown,798,58
1004,Drum-Taps,1865,False,Whitman,25,58
1005,Preparatory Meditations,1682,False,Taylor,395,58
1006,Principia,1687,False,Newton,341,58
1007,Going after Cacciato,1978,False,O'Brien,500,58
1008,Il filostrato,1335,True,Boccaccio,232,58
1009,The Book of Mormon,1830,False,Smith,1222,57
1010,Redgauntlet,1824,False,Scott,47,57
1011,At the Back of the North Wind,1871,False,MacDonald,249,57
1012,Double Falshood,1727,False,Theobald,1069,57
1013,The Wonderful Adventures of Mrs. Seacole in Many Lands,1857,False,Seacole,1774,57
1014,The Squatter and the Don,1885,False,Ruiz de Burton,1130,57
1015,Oranges Are Not the Only Fruit,1985,False,Winterson,342,57
1016,The Giaour,1813,False,Byron,29,57
1017,The Cask of Amontillado,,True,Poe,17,57
1018,A History of the World in 10 1/2 Chapters,1989,False,Barnes,422,57
1019,The Grass Is Singing,1950,False,Lessing,111,57
1020,Diary of a Bad Year,2007,False,Coetzee,64,57
1021,The Awkward Age,1899,False,James,7,57
1022,The Palm-Wine Drinkard,1952,False,Tutuola,925,57
1023,Erewhon,1872,False,Butler,486,57
1024,The Sisters,,True,Joyce,3,57
1025,Intruder in the Dust,1948,False,Faulkner,9,57
1026,"The Wide, Wide World",1850,False,Warner,1373,57
1027,A Dialogue of Comfort against Tribulation,1534,False,More,56,57
1028,Der Prozess,,True,Kafka,158,57
1029,The Encantadas,1854,False,Melville,12,57
1030,Anne of Green Gables series,,True,Montgomery,307,57
1031,Texts for Nothing,,True,Beckett,2,57
1032,The Bondwoman's Narrative,,True,Crafts,1691,56
1033,The Figure in the Carpet,,True,James,7,56
1034,Animal's People,2008,False,Sinha,1676,56
1035,Ghost Trio,1976,False,Beckett,2,56
1036,Three Dialogues,1949,False,Beckett,2,56
1037,The Lost Ones,1975,False,Beckett,2,56
1038,A Handful of Dust,1934,False,Waugh,140,56
1039,In the Cage,1898,False,James,7,56
1040,J R,1975,False,Gaddis,613,56
1041,The Regement of Princes,,True,Hoccleve,557,56
1042,Les Confessions,1781,False,Rousseau,155,56
1043,Slow Man,2005,False,Coetzee,64,56
1044,Summer,1917,False,Wharton,70,56
1045,Woman on the Edge of Time,1976,False,Piercy,699,56
1046,Lamia,,True,Keats,34,56
1047,"The Sketch Book of Geoffrey Crayon, Gent.",1820,False,Irving,156,56
1048,The Maine Woods,1864,False,Thoreau,38,56
1049,The Caretaker,1960,False,Pinter,94,56
1050,Lost in Translation,1989,False,Hoffman,1342,56
1051,The Cocktail Party,1949,False,Eliot,11,56
1052,I Am Legend,1954,False,Matheson,935,56
1053,Evangeline,1847,False,Longfellow,239,56
1054,Citizen,2014,False,Rankine,1221,56
1055,Winnie-the-Pooh,1926,False,Milne,1088,56
1056,The Abolition of Man,1943,False,Lewis,57,56
1057,The Vanity of Human Wishes,1749,False,Johnson,41,56
1058,The Witch of Edmonton,1621,False,Dekker,237,55
1059,Les Fleurs du mal,1857,False,Baudelaire,176,55
1060,A Man of the People,1966,False,Achebe,85,55
1061,Small Island,2004,False,Levy,961,55
1062,Tropic of Cancer,1934,False,Miller,294,55
1063,The Birthmark,,True,Hawthorne,21,55
1064,The Ruined Cottage,1814,False,Wordsworth,14,55
1065,Arthur Mervyn,1799,False,Brown,226,55
1066,Island,1962,False,Huxley,127,55
1067,Typhoon,1902,False,Conrad,13,55
1068,The Heart Is a Lonely Hunter,1940,False,McCullers,333,55
1069,Look Back in Anger,1956,False,Osborne,695,55
1070,Country of My Skull,1998,False,Krog,1209,55
1071,"Summer on the Lakes, in 1843",1844,False,Fuller,263,55
1072,Life in the Iron Mills,,True,Davis,902,55
1073,The Country Wife,1672,False,Wycherley,548,55
1074,The Childhood of Jesus,2013,False,Coetzee,64,55
1075,The Mansion,1959,False,Faulkner,9,55
1076,Songs of Innocence,1789,False,Blake,27,55
1077,Tous ceux qui tombent,1957,False,Beckett,2,54
1078,The Witch of Edmonton,1621,False,Ford,306,54
1079,The Kite Runner,2003,False,Hosseini,1391,54
1080,The Grandissimes,1880,False,Cable,602,54
1081,The Minister's Black Veil,,True,Hawthorne,21,54
1082,De Proprietatibus Rerum,,True,Bartholomew the Englishman,1449,54
1083,The Body Artist,2001,False,DeLillo,110,54
1084,The Da Vinci Code,2003,False,Brown,1271,54
1085,Harry Potter and the Philosopher's Stone,1997,False,Rowling,116,54
1086,Eikonoklastes,1649,False,Milton,5,54
1087,Isabella,,True,Keats,34,54
1088,Burger's Daughter,1979,False,Gordimer,273,54
1089,A Tour thro' the Whole Island of Great Britain,1724,False,Defoe,42,54
1090,Camilla,1796,False,Burney,206,54
1091,A Game at Chess,1624,False,Middleton,101,54
1092,Fences,1985,False,Wilson,338,54
1093,Self-Reliance,,True,Emerson,30,54
1094,Lady Susan,,True,Austen,16,54
1095,Out of Africa,1938,False,Blixen,438,54
1096,The History of England,1754,False,Hume,89,54
1097,Amy Foster,,True,Conrad,13,54
1098,Hills Like White Elephants,,True,Hemingway,18,54
1099,The Legend of Sleepy Hollow,,True,Irving,156,54
1100,Desire under the Elms,1924,False,O'Neill,65,54
1101,All That Fall,1957,False,Beckett,2,53
1102,Fury,2001,False,Rushdie,75,53
1103,Shalimar the Clown,2005,False,Rushdie,75,53
1104,Dune,1965,False,Herbert,929,53
1105,Corinne,1807,False,Staël-Holstein,741,53
1106,The Man of Feeling,1771,False,Mackenzie,1070,53
1107,De la démocratie en Amérique,1835,False,Tocqueville,878,53
1108,The Arte of English Poesie,1589,False,Puttenham,1550,53
1109,The Two Noble Kinsmen,1613,False,Shakespeare,1,53
1110,The Malcontent,1604,False,Marston,276,53
1111,In the Shadow of No Towers,2004,False,Spiegelman,436,53
1112,Fugitive Pieces,1996,False,Michaels,1649,53
1113,To His Coy Mistress,,True,Marvell,99,53
1114,Lost in the Funhouse,1968,False,Barth,233,53
1115,Il libro del cortegiano,1528,False,Castiglione,1046,53
1116,Trainspotting,1993,False,Welsh,1061,53
1117,Rabbit novels,,True,Updike,149,53
1118,De Civitate Dei,,True,Augustine,166,53
1119,Trifles,1916,False,Glaspell,563,53
1120,The Man of Mode,,True,Etherege,905,53
1121,Efuru,1966,False,Nwapa,886,53
1122,The Interpreters,1965,False,Soyinka,115,53
1123,The Passion,1988,False,Winterson,342,53
1124,Omoo,1847,False,Melville,12,53
1125,Eleuthéria,,True,Beckett,2,53
1126,Hamilton,2015,False,Miranda,1768,53
1127,Station Island,1984,False,Heaney,107,53
1128,Inherent Vice,2009,False,Pynchon,60,52
1129,Periphyseon,,True,Eriugena,618,52
1130,Mathilda,1819,False,Shelley,52,52
1131,Policraticus,,True,John of Salisbury,836,52
1132,The Avignon Quintet,,True,Durrell,184,52
1133,Roderick Random,1748,False,Smollett,194,52
1134,Middlesex,2002,False,Eugenides,1113,52
1135,Iola Leroy,1892,False,Harper,663,52
1136,Across the River and into the Trees,1950,False,Hemingway,18,52
1137,Endymion,1818,False,Keats,34,52
1138,The Second Anniversarie,,True,Donne,35,52
1139,The Canterbury Tales: The Friar's Tale,,True,Chaucer,4,52
1140,Der Tod in Venedig,1912,False,Mann,291,52
1141,Lord of the Rings films,,True,Jackson,358,52
1142,America Is in the Heart,1946,False,Bulosan,1055,52
1143,The Way to Rainy Mountain,1969,False,Momaday,497,52
1144,Time's Arrow,1991,False,Amis,483,52
1145,Easter 1916,,True,Yeats,20,52
1146,The Damnation of Theron Ware,1896,False,Frederic,706,52
1147,Crossing the River,1993,False,Phillips,349,52
1148,A Treatise on the Astrolabe,,True,Chaucer,4,52
1149,A Tale for the Time Being,2013,False,Ozeki,981,52
1150,Look at the Harlequins!,1974,False,Nabokov,10,52
1151,Amadeus,1979,False,Shaffer,682,52
1152,Textes pour rien,1955,False,Beckett,2,52
1153,The Canterbury Tales: The Canon's Yeoman's Tale,,True,Chaucer,4,52
1154,The Way We Live Now,1875,False,Trollope,112,51
1155,The Mystery of Marie Rogêt,,True,Poe,17,51
1156,Abeng,1984,False,Cliff,632,51
1157,The Crossing,1994,False,McCarthy,113,51
1158,"The Principal Navigations, Voyages and Discoveries of the English Nation",1589,False,Hakluyt,1237,51
1159,The Robber Bride,1993,False,Atwood,66,51
1160,An Horatian Ode upon Cromwell's Return from Ireland,,True,Marvell,99,51
1161,Le Dépeupleur,1970,False,Beckett,2,51
1162,The Heroic Slave,1853,False,Douglass,172,51
1163,Barn Burning,,True,Faulkner,9,51
1164,The Portrait of Mr. W. H.,,True,Wilde,36,51
1165,Jubilate Agno,,True,Smart,524,51
1166,Woman in the Nineteenth Century,1845,False,Fuller,263,51
1167,Suspiria de Profundis,1845,False,De Quincey,188,51
1168,The Lady of Shalott,,True,Tennyson,54,51
1169,The Second Coming,,True,Yeats,20,51
1170,The Mysterious Stranger manuscripts,,True,Twain,15,51
1171,The Garden,,True,Marvell,99,51
1172,The Call of the Wild,1903,False,London,118,51
1173,Written on the Body,1992,False,Winterson,342,51
1174,"Brown Girl, Brownstones",1959,False,Marshall,390,51
1175,Losing Battles,1970,False,Welty,92,51
1176,An Imaginary Life,1978,False,Malouf,475,51
1177,The Book of Thel,1789,False,Blake,27,51
1178,The Custom House,,True,Hawthorne,21,51
1179,The Serpent and the Rope,1960,False,Rao,650,51
1180,When We Were Orphans,2000,False,Ishiguro,242,50
1181,The Witch of Edmonton,1621,False,Rowley,360,50
1182,The Dew Breaker,2004,False,Danticat,321,50
1183,Colin Clouts Come Home Againe,1595,False,Spenser,22,50
1184,Dogeaters,1989,False,Hagedorn,1303,50
1185,Uncle Tom's Children,1938,False,Wright,90,50
1186,Culture and Anarchy,1869,False,Arnold,79,50
1187,Hunger of Memory,1982,False,Rodriguez,979,50
1188,Dred,1856,False,Stowe,125,50
1189,The Member of the Wedding,1946,False,McCullers,333,50
1190,The Tyger,,True,Blake,27,50
1191,"Goodbye, Columbus",1959,False,Roth,102,50
1192,Doctrine and Discipline of Divorce,1643,False,Milton,5,50
1193,The Autobiography of Miss Jane Pittman,1971,False,Gaines,463,50
1194,True West,1979,False,Shepard,326,50
1195,Love-Letters between a Nobleman and His Sister,1684,False,Behn,157,50
1196,Giacomo Joyce,1968,False,Joyce,3,50
1197,The Bride of Lammermoor,1819,False,Scott,47,50
1198,Ramona,1884,False,Jackson,1179,50
1199,Het achterhuis,,True,Frank,1264,50
1200,The Psalms of Sir Philip Sidney and the Countess of Pembroke,,True,Sidney,68,50
1201,Lives of Girls and Women,1971,False,Munro,190,50
1202,Life on the Mississippi,1883,False,Twain,15,50
1203,Heartbreak House,1919,False,Shaw,43,50
1204,Diary of Anaïs Nin,1966,False,Nin,319,50
